type,subType,Title,description,img
Tire,Non-Adjustable,Assembly 1,"Lorem ipsum dolor sit amet, consectetur adipiscing elit, sed do eiusmod tempor incididunt ut labore et dolore magna aliqua.","AssemblyImage_0001.jpg,AssemblyImage_0002.jpg,AssemblyImage_0003.jpg,AssemblyImage_0004.jpg"
Wheel,Non-Adjustable,Assembly 2,"Lorem ipsum dolor sit amet, consectetur adipiscing elit, sed do eiusmod tempor incididunt ut labore et dolore magna aliqua.",AssemblyImage_0002.jpg
TPMS,Non-Adjustable,Assembly 3,"Lorem ipsum dolor sit amet, consectetur adipiscing elit, sed do eiusmod tempor incididunt ut labore et dolore magna aliqua.","AssemblyImage_0003.jpg,AssemblyImage_0117.jpg,AssemblyImage_0058.jpg"
Critical,Adjustable,Assembly 4,"Lorem ipsum dolor sit amet, consectetur adipiscing elit, sed do eiusmod tempor incididunt ut labore et dolore magna aliqua.",AssemblyImage_0004.jpg
Cosmetic,Non-Adjustable,Assembly 5,"Lorem ipsum dolor sit amet, consectetur adipiscing elit, sed do eiusmod tempor incididunt ut labore et dolore magna aliqua.",AssemblyImage_0005.jpg
Tire,Adjustable,Assembly 6,"Lorem ipsum dolor sit amet, consectetur adipiscing elit, sed do eiusmod tempor incididunt ut labore et dolore magna aliqua.",AssemblyImage_0006.jpg
Wheel,Adjustable,Assembly 7,"Lorem ipsum dolor sit amet, consectetur adipiscing elit, sed do eiusmod tempor incididunt ut labore et dolore magna aliqua.",AssemblyImage_0007.jpg
TPMS,Adjustable,Assembly 8,"Lorem ipsum dolor sit amet, consectetur adipiscing elit, sed do eiusmod tempor incididunt ut labore et dolore magna aliqua.",AssemblyImage_0008.jpg
Critical,Adjustable,Assembly 9,"Lorem ipsum dolor sit amet, consectetur adipiscing elit, sed do eiusmod tempor incididunt ut labore et dolore magna aliqua.",AssemblyImage_0009.jpg
Cosmetic,Non-Adjustable,Assembly 10,"Lorem ipsum dolor sit amet, consectetur adipiscing elit, sed do eiusmod tempor incididunt ut labore et dolore magna aliqua.",AssemblyImage_0010.jpg
Tire,Non-Adjustable,Assembly 11,"Lorem ipsum dolor sit amet, consectetur adipiscing elit, sed do eiusmod tempor incididunt ut labore et dolore magna aliqua.",AssemblyImage_0011.jpg
Wheel,Non-Adjustable,Assembly 12,"Lorem ipsum dolor sit amet, consectetur adipiscing elit, sed do eiusmod tempor incididunt ut labore et dolore magna aliqua.","AssemblyImage_0012.jpg,AssemblyImage_0002.jpg"
TPMS,Adjustable,Assembly 13,"Lorem ipsum dolor sit amet, consectetur adipiscing elit, sed do eiusmod tempor incididunt ut labore et dolore magna aliqua.",AssemblyImage_0013.jpg
Critical,Adjustable,Assembly 14,"Lorem ipsum dolor sit amet, consectetur adipiscing elit, sed do eiusmod tempor incididunt ut labore et dolore magna aliqua.",AssemblyImage_0014.jpg
Cosmetic,Non-Adjustable,Assembly 15,"Lorem ipsum dolor sit amet, consectetur adipiscing elit, sed do eiusmod tempor incididunt ut labore et dolore magna aliqua.",AssemblyImage_0015.jpg
,,Assembly 16,,AssemblyImage_0016.jpg
,,Assembly 17,,AssemblyImage_0017.jpg
,,Assembly 18,,AssemblyImage_0018.jpg
,,Assembly 19,,AssemblyImage_0019.jpg
,,Assembly 20,,AssemblyImage_0020.jpg
,,Assembly 21,,AssemblyImage_0021.jpg
,,Assembly 22,,AssemblyImage_0022.jpg
,,Assembly 23,,AssemblyImage_0023.jpg
,,Assembly 24,,AssemblyImage_0024.jpg
,,Assembly 25,,AssemblyImage_0025.jpg
,,Assembly 26,,AssemblyImage_0026.jpg
,,Assembly 27,,AssemblyImage_0027.jpg
,,Assembly 28,,AssemblyImage_0028.jpg
,,Assembly 29,,AssemblyImage_0029.jpg
,,Assembly 30,,AssemblyImage_0030.jpg
,,Assembly 31,,AssemblyImage_0031.jpg
,,Assembly 32,,AssemblyImage_0032.jpg
,,Assembly 33,,AssemblyImage_0033.jpg
,,Assembly 34,,AssemblyImage_0034.jpg
,,Assembly 35,,AssemblyImage_0035.jpg
,,Assembly 36,,AssemblyImage_0036.jpg
,,Assembly 37,,AssemblyImage_0037.jpg
,,Assembly 38,,AssemblyImage_0038.jpg
,,Assembly 39,,AssemblyImage_0039.jpg
,,Assembly 40,,AssemblyImage_0040.jpg
,,Assembly 41,,AssemblyImage_0041.jpg
,,Assembly 42,,AssemblyImage_0042.jpg
,,Assembly 43,,AssemblyImage_0043.jpg
,,Assembly 44,,AssemblyImage_0044.jpg
,,Assembly 45,,AssemblyImage_0045.jpg
,,Assembly 46,,AssemblyImage_0046.jpg
,,Assembly 47,,AssemblyImage_0047.jpg
,,Assembly 48,,AssemblyImage_0048.jpg
,,Assembly 49,,AssemblyImage_0049.jpg
,,Assembly 50,,AssemblyImage_0050.jpg
,,Assembly 51,,AssemblyImage_0051.jpg
,,Assembly 52,,AssemblyImage_0052.jpg
,,Assembly 53,,AssemblyImage_0053.jpg
,,Assembly 54,,AssemblyImage_0054.jpg
,,Assembly 55,,AssemblyImage_0055.jpg
,,Assembly 56,,AssemblyImage_0056.jpg
,,Assembly 57,,AssemblyImage_0057.jpg
,,Assembly 58,,AssemblyImage_0058.jpg
,,Assembly 59,,AssemblyImage_0059.jpg
,,Assembly 60,,AssemblyImage_0060.jpg
,,Assembly 61,,AssemblyImage_0061.jpg
,,Assembly 62,,AssemblyImage_0062.jpg
,,Assembly 63,,AssemblyImage_0063.jpg
,,Assembly 64,,AssemblyImage_0064.jpg
,,Assembly 65,,AssemblyImage_0065.jpg
,,Assembly 66,,AssemblyImage_0066.jpg
,,Assembly 67,,AssemblyImage_0067.jpg
,,Assembly 68,,AssemblyImage_0068.jpg
,,Assembly 69,,AssemblyImage_0069.jpg
,,Assembly 70,,AssemblyImage_0070.jpg
,,Assembly 71,,AssemblyImage_0071.jpg
,,Assembly 72,,AssemblyImage_0072.jpg
,,Assembly 73,,AssemblyImage_0073.jpg
,,Assembly 74,,AssemblyImage_0074.jpg
,,Assembly 75,,AssemblyImage_0075.jpg
,,Assembly 76,,AssemblyImage_0076.jpg
,,Assembly 77,,AssemblyImage_0077.jpg
,,Assembly 78,,AssemblyImage_0078.jpg
,,Assembly 79,,AssemblyImage_0079.jpg
,,Assembly 80,,AssemblyImage_0080.jpg
,,Assembly 81,,AssemblyImage_0081.jpg
,,Assembly 82,,AssemblyImage_0082.jpg
,,Assembly 83,,AssemblyImage_0083.jpg
,,Assembly 84,,AssemblyImage_0084.jpg
,,Assembly 85,,AssemblyImage_0085.jpg
,,Assembly 86,,AssemblyImage_0086.jpg
,,Assembly 87,,AssemblyImage_0087.jpg
,,Assembly 88,,AssemblyImage_0088.jpg
,,Assembly 89,,AssemblyImage_0089.jpg
,,Assembly 90,,AssemblyImage_0090.jpg
,,Assembly 91,,AssemblyImage_0091.jpg
,,Assembly 92,,AssemblyImage_0092.jpg
,,Assembly 93,,AssemblyImage_0093.jpg
,,Assembly 94,,AssemblyImage_0094.jpg
,,Assembly 95,,AssemblyImage_0095.jpg
,,Assembly 96,,AssemblyImage_0096.jpg
,,Assembly 97,,AssemblyImage_0097.jpg
,,Assembly 98,,AssemblyImage_0098.jpg
,,Assembly 99,,AssemblyImage_0099.jpg
,,Assembly 100,,AssemblyImage_0100.jpg
,,Assembly 101,,AssemblyImage_0101.jpg
,,Assembly 102,,AssemblyImage_0102.jpg
,,Assembly 103,,AssemblyImage_0103.jpg
,,Assembly 104,,AssemblyImage_0104.jpg
,,Assembly 105,,AssemblyImage_0105.jpg
,,Assembly 106,,AssemblyImage_0106.jpg
,,Assembly 107,,AssemblyImage_0107.jpg
,,Assembly 108,,AssemblyImage_0108.jpg
,,Assembly 109,,AssemblyImage_0109.jpg
,,Assembly 110,,AssemblyImage_0110.jpg
,,Assembly 111,,AssemblyImage_0111.jpg
,,Assembly 112,,AssemblyImage_0112.jpg
,,Assembly 113,,AssemblyImage_0113.jpg
,,Assembly 114,,AssemblyImage_0114.jpg
,,Assembly 115,,AssemblyImage_0115.jpg
,,Assembly 116,,AssemblyImage_0116.jpg
,,Assembly 117,,AssemblyImage_0117.jpg
,,Assembly 118,,AssemblyImage_0118.jpg
,,Assembly 119,,AssemblyImage_0119.jpg
,,Assembly 120,,AssemblyImage_0120.jpg
,,Assembly 121,,AssemblyImage_0121.jpg
,,Assembly 122,,AssemblyImage_0122.jpg
,,Assembly 123,,AssemblyImage_0123.jpg
,,Assembly 124,,AssemblyImage_0124.jpg
,,Assembly 125,,AssemblyImage_0125.jpg
,,Assembly 126,,AssemblyImage_0126.jpg
,,Assembly 127,,AssemblyImage_0127.jpg
,,Assembly 128,,AssemblyImage_0128.jpg
,,Assembly 129,,AssemblyImage_0129.jpg
,,Assembly 130,,AssemblyImage_0130.jpg
,,Assembly 131,,AssemblyImage_0131.jpg
,,Assembly 132,,AssemblyImage_0132.jpg
,,Assembly 133,,AssemblyImage_0133.jpg
,,Assembly 134,,AssemblyImage_0134.jpg
,,Assembly 135,,AssemblyImage_0135.jpg
,,Assembly 136,,AssemblyImage_0136.jpg
,,Assembly 137,,AssemblyImage_0137.jpg
,,Assembly 138,,AssemblyImage_0138.jpg
,,Assembly 139,,AssemblyImage_0139.jpg
,,Assembly 140,,AssemblyImage_0140.jpg
,,Assembly 141,,AssemblyImage_0141.jpg
,,Assembly 142,,AssemblyImage_0142.jpg
,,Assembly 143,,AssemblyImage_0143.jpg
,,Assembly 144,,AssemblyImage_0144.jpg
,,Assembly 145,,AssemblyImage_0145.jpg
,,Assembly 146,,AssemblyImage_0146.jpg
,,Assembly 147,,AssemblyImage_0147.jpg
,,Assembly 148,,AssemblyImage_0148.jpg
,,Assembly 149,,AssemblyImage_0149.jpg
,,Assembly 150,,AssemblyImage_0150.jpg
,,Assembly 151,,AssemblyImage_0151.jpg
,,Assembly 152,,AssemblyImage_0152.jpg
,,Assembly 153,,AssemblyImage_0153.jpg
,,Assembly 154,,AssemblyImage_0154.jpg
,,Assembly 155,,AssemblyImage_0155.jpg
,,Assembly 156,,AssemblyImage_0156.jpg
,,Assembly 157,,AssemblyImage_0157.jpg
,,Assembly 158,,AssemblyImage_0158.jpg
,,Assembly 159,,AssemblyImage_0159.jpg
,,Assembly 160,,AssemblyImage_0160.jpg
,,Assembly 161,,AssemblyImage_0161.jpg
,,Assembly 162,,AssemblyImage_0162.jpg
,,Assembly 163,,AssemblyImage_0163.jpg
,,Assembly 164,,AssemblyImage_0164.jpg
,,Assembly 165,,AssemblyImage_0165.jpg
,,Assembly 166,,AssemblyImage_0166.jpg
,,Assembly 167,,AssemblyImage_0167.jpg
,,Assembly 168,,AssemblyImage_0168.jpg
,,Assembly 169,,AssemblyImage_0169.jpg
,,Assembly 170,,AssemblyImage_0170.jpg
,,Assembly 171,,AssemblyImage_0171.jpg
,,Assembly 172,,AssemblyImage_0172.jpg
,,Assembly 173,,AssemblyImage_0173.jpg
,,Assembly 174,,AssemblyImage_0174.jpg
,,Assembly 175,,AssemblyImage_0175.jpg
,,Assembly 176,,AssemblyImage_0176.jpg
,,Assembly 177,,AssemblyImage_0177.jpg
,,Assembly 178,,AssemblyImage_0178.jpg
,,Assembly 179,,AssemblyImage_0179.jpg
,,Assembly 180,,AssemblyImage_0180.jpg
,,Assembly 181,,AssemblyImage_0181.jpg
,,Assembly 182,,AssemblyImage_0182.jpg
,,Assembly 183,,AssemblyImage_0183.jpg
,,Assembly 184,,AssemblyImage_0184.jpg
,,Assembly 185,,AssemblyImage_0185.jpg
,,Assembly 186,,AssemblyImage_0186.jpg
,,Assembly 187,,AssemblyImage_0187.jpg
,,Assembly 188,,AssemblyImage_0188.jpg
,,Assembly 189,,AssemblyImage_0189.jpg
,,Assembly 190,,AssemblyImage_0190.jpg
,,Assembly 191,,AssemblyImage_0191.jpg
,,Assembly 192,,AssemblyImage_0192.jpg
,,Assembly 193,,AssemblyImage_0193.jpg
,,Assembly 194,,AssemblyImage_0198.jpg